id,name,birth_date
1,Samantha Smith,1974-10-14
2,Tara Terry,1980-07-09
3,Michael Walker,1980-03-30
4,Meghan Wells,1978-12-07
5,Sarah Perry,1973-02-10
6,Denise Mccarthy,1997-11-02
7,Barry Thomas,1996-01-23
8,James Hernandez Jr.,1972-03-11
9,John Chang,1997-02-22
10,Paul Miles,1979-05-27
11,Linda Smith,1979-05-08
12,Ryan Barnett,1986-06-06
13,Susan Werner,1999-05-31
14,Anthony Castro,1967-06-29
15,Stephen Bauer,1975-09-11
16,Bradley Morales,2003-01-31
17,Gloria Santos,1983-02-16
18,Jason Lane,1981-08-28
19,Andrew Wilson,1976-09-02
20,David Rodriguez,1991-05-24
