id,location,date
1,New Amyland,2021-05-12
2,Jeromeborough,2024-02-02
3,Lake Donald,2024-05-11
4,Ralphfurt,2015-12-17
5,North Jennifer,2022-05-21
6,Brooksport,2018-01-13
7,Sandersview,2022-12-18
8,Jonathanport,2015-10-31
9,Port Anthony,2017-06-06
10,Lake Maryborough,2018-07-16
11,West Kevin,2021-11-18
12,East Nicholas,2020-03-27
13,West Susan,2016-09-20
14,Murphyborough,2018-08-09
15,West Jaytown,2022-01-27
16,Port Nicholasside,2018-12-05
17,Port Barbarashire,2018-06-19
18,Port Joel,2024-05-07
19,New Allen,2019-06-26
20,South Sean,2017-01-03
